Country,Age,Salary,Purchased
France,44.0,72000.0,No
Spain,27.0,48000.0,Yes
Germany,30.0,54000.0,No
Spain,38.0,61000.0,No
Germany,40.0,63777.77777777778,Yes
France,35.0,58000.0,Yes
Spain,38.77777777777778,52000.0,No
France,48.0,79000.0,Yes
Germany,50.0,83000.0,No
France,37.0,67000.0,Yes
